timestamp,raw_adc,filtered_value
25374,12137,-0.01
25379,12137,-0.01
25383,12137,-0.01
25388,12137,-0.01
25393,12137,-0.01
25397,12137,-0.01
25402,12137,-0.01
25407,12137,-0.01
25411,12137,-0.01
25416,12137,-0.01
25421,12137,-0.01
25425,12137,-0.01
25430,12137,-0.01
25435,12137,-0.01
25439,12137,-0.01
25444,12137,-0.01
25449,12137,-0.01
25453,12137,-0.01
25458,12137,-0.01
25463,12137,-0.01
25467,12137,-0.01
25472,12137,-0.01
25477,12137,-0.01
25481,12137,-0.01
25486,12137,-0.01
25491,12137,-0.01
25495,12137,-0.01
25500,12137,-0.01
25505,12137,-0.01
25509,12137,-0.01
25514,12137,-0.01
25519,12137,-0.01
25523,12137,-0.01
25528,12137,-0.01
25533,12137,-0.01
25537,12137,-0.01
25542,12137,-0.01
25547,12137,-0.01
25551,12137,-0.01
25556,12137,-0.01
25561,12137,-0.01
25565,12137,-0.01
25570,12137,-0.01
25575,12137,-0.01
25579,12137,-0.01
25584,12137,-0.01
25589,12137,-0.01
25593,12137,-0.01
25598,12137,-0.01
25603,12137,-0.01
25607,12137,-0.01
25612,12137,-0.01
25617,12137,-0.01
25621,12137,-0.01
25626,12137,-0.01
25631,12137,-0.01
25635,12137,-0.01
25640,12137,-0.01
25645,12137,-0.01
25649,12137,-0.01
25654,12137,-0.01
25659,12137,-0.01
25663,12137,-0.01
25668,12137,-0.01
25673,12137,-0.01
25677,12137,-0.01
25682,12137,-0.01
25687,12137,-0.01
25691,12137,-0.01
25696,12137,-0.01
25701,12137,-0.01
25705,12137,-0.01
25710,12137,-0.01
25715,12137,-0.01
25719,12137,-0.01
25724,12137,-0.01
25729,12137,-0.01
25733,12137,-0.01
25738,12137,-0.01
25743,12137,-0.01
25747,12137,-0.01
25752,12137,-0.01
25757,12137,-0.01
25761,12137,-0.01
25766,12137,-0.01
25771,12137,-0.01
25775,12137,-0.01
25780,12137,-0.01
25785,12137,-0.01
25789,12137,-0.01
25794,12137,-0.01
25799,12137,-0.01
25803,12137,-0.01
25808,12137,-0.01
25813,12137,-0.01
25817,12137,-0.01
25822,12137,-0.01
25827,12137,-0.01
25831,12137,-0.01
25836,12137,-0.01
25841,12137,-0.01
25845,12137,-0.01
25850,12137,-0.01
25855,12137,-0.01
25859,12137,-0.01
25864,12137,-0.01
25869,12137,-0.01
25873,12137,-0.01
25878,12137,-0.01
25883,12137,-0.01
25887,12137,-0.01
25892,12137,-0.01
25897,12137,-0.01
25901,12137,-0.01
25906,12137,-0.01
25911,12137,-0.01
25915,12137,-0.01
25920,12137,-0.01
25925,12137,-0.01
25929,12137,-0.01
25934,12137,-0.01
25939,12137,-0.01
25943,12137,-0.01
25948,12137,-0.01
25953,12137,-0.01
25957,12137,-0.01
25962,12137,-0.01
25967,12137,-0.01
25971,12137,-0.01
25976,12137,-0.01
25981,12137,-0.01
25985,12137,-0.01
25990,12137,-0.01
25995,12137,-0.01
25999,12137,-0.01
26004,12137,-0.01
26009,12137,-0.01
26013,12137,-0.01
26018,12137,-0.01
26023,12137,-0.01
26027,12137,-0.01
26032,12137,-0.01
26037,12137,-0.01
26041,12137,-0.01
26046,12137,-0.01
26051,12137,-0.01
26055,12137,-0.01
26060,12137,-0.01
26065,12137,-0.01
26069,12137,-0.01
26074,12137,-0.01
26079,12137,-0.01
26083,12137,-0.01
26088,12137,-0.01
26093,12137,-0.01
26097,12137,-0.01
26102,12137,-0.01
26107,12137,-0.01
26111,12137,-0.01
26116,12137,-0.01
26121,12137,-0.01
26125,12137,-0.01
26130,12137,-0.01
26135,12137,-0.01
26139,12137,-0.01
26144,12137,-0.01
26149,12137,-0.01
26153,12137,-0.01
26158,12137,-0.01
26163,12137,-0.01
26167,12137,-0.01
26172,12137,-0.01
26177,12137,-0.01
26181,12137,-0.01
26186,12137,-0.01
26191,12137,-0.01
26195,12137,-0.01
26200,12137,-0.01
26205,12137,-0.01
26209,12137,-0.01
26214,12137,-0.01
26219,12137,-0.01
26223,12137,-0.01
26228,12137,-0.01
26233,12137,-0.01
26237,12137,-0.01
26242,12137,-0.01
26247,12137,-0.01
26251,12137,-0.01
26256,12137,-0.01
26261,12137,-0.01
26265,12137,-0.01
26270,12137,-0.01
26275,12137,-0.01
26279,12137,-0.01
26284,12137,-0.01
26289,12137,-0.01
26293,12137,-0.01
26298,12137,-0.01
26303,12137,-0.01
26307,12137,-0.01
26312,12137,-0.01
26317,12137,-0.01
26321,12137,-0.01
26326,12137,-0.01
26331,12137,-0.01
26335,12137,-0.01
26340,12137,-0.01
26345,12137,-0.01
26349,12137,-0.01
26354,12137,-0.01
26359,12137,-0.01
26363,12137,-0.01
26368,12137,-0.01
26373,12137,-0.01
26377,12137,-0.01
26382,12137,-0.01
26387,12137,-0.01
26391,12137,-0.01
26396,12137,-0.01
26401,12137,-0.01
26405,12137,-0.01
26410,12137,-0.01
26415,12137,-0.01
26419,12137,-0.01
26424,12137,-0.01
26429,12137,-0.01
26433,12137,-0.01
26438,12137,-0.01
26443,12137,-0.01
26447,12137,-0.01
26452,12137,-0.01
26457,12137,-0.01
26461,12137,-0.01
26466,12137,-0.01
26471,12137,-0.01
26475,12137,-0.01
26480,12137,-0.01
26485,12137,-0.01
26489,12137,-0.01
26494,12137,-0.01
26499,12137,-0.01
26503,12137,-0.01
26508,12137,-0.01
26513,12137,-0.01
26517,12137,-0.01
26522,12137,-0.01
26527,12137,-0.01
26531,12137,-0.01
26536,12137,-0.01
26541,12137,-0.01
26545,12137,-0.01
26550,12137,-0.01
26555,12137,-0.01
26559,12137,-0.01
26564,12137,-0.01
26569,12137,-0.01
26573,12137,-0.01
26578,12137,-0.01
26583,12137,-0.01
26587,12137,-0.01
26592,12137,-0.01
26597,12137,-0.01
26601,12137,-0.01
26606,12137,-0.01
26611,12137,-0.01
26615,12137,-0.01
26620,12137,-0.01
26625,12137,-0.01
26629,12137,-0.01
26634,12137,-0.01
26639,12137,-0.01
26643,12137,-0.01
26648,12137,-0.01
26653,12137,-0.01
26657,12137,-0.01
26662,12137,-0.01
26667,12137,-0.01
26671,12137,-0.01
26676,12137,-0.01
26681,12137,-0.01
26685,12137,-0.01
26690,12137,-0.01
26695,12137,-0.01
26699,12137,-0.01
26704,12137,-0.01
26709,12137,-0.01
26713,12137,-0.01
26718,12137,-0.01
26723,12137,-0.01
26727,12137,-0.01
26732,12137,-0.01
26737,12137,-0.01
26741,12137,-0.01
26746,12137,-0.01
26751,12137,-0.01
26755,12137,-0.01
26760,12137,-0.01
26765,12137,-0.01
26769,12137,-0.01
26774,12137,-0.01
26779,12137,-0.01
26783,12137,-0.01
26788,12137,-0.01
26793,12137,-0.01
26797,12137,-0.01
26802,12137,-0.01
26807,12137,-0.01
26811,12137,-0.01
26816,12137,-0.01
26821,12137,-0.01
26825,12137,-0.01
26830,12137,-0.01
26835,12137,-0.01
26839,12137,-0.01
26844,12137,-0.01
26849,12137,-0.01
26853,12137,-0.01
26858,12137,-0.01
26863,12137,-0.01
26867,12137,-0.01
26872,12137,-0.01
26877,12137,-0.01
26881,12137,-0.01
26886,12137,-0.01
26891,12137,-0.01
26895,12137,-0.01
26900,12137,-0.01
26905,12137,-0.01
26909,12137,-0.01
26914,12137,-0.01
26919,12137,-0.01
26923,12137,-0.01
26928,12137,-0.01
26933,12137,-0.01
26937,12137,-0.01
26942,12137,-0.01
26947,12137,-0.01
26951,12137,-0.01
26956,12137,-0.01
26961,12137,-0.01
26965,12137,-0.01
26970,12137,-0.01
26975,12137,-0.01
26979,12137,-0.01
26984,12137,-0.01
26989,12137,-0.01
26993,12137,-0.01
26998,12137,-0.01
27003,12137,-0.01
27007,12137,-0.01
27012,12137,-0.01
27017,12137,-0.01
27021,12137,-0.01
27026,12137,-0.01
27031,12137,-0.01
27035,12137,-0.01
27040,12137,-0.01
27045,12137,-0.01
27049,12137,-0.01
27054,12137,-0.01
27059,12137,-0.01
27063,12137,-0.01
27068,12137,-0.01
27073,12137,-0.01
27077,12137,-0.01
27082,12137,-0.01
27087,12137,-0.01
27091,12137,-0.01
27096,12137,-0.01
27101,12137,-0.01
27105,12137,-0.01
27110,12137,-0.01
27115,12137,-0.01
27119,12137,-0.01
27124,12137,-0.01
27129,12137,-0.01
27133,12137,-0.01
27138,12137,-0.01
27143,12137,-0.01
27147,12137,-0.01
27152,12137,-0.01
27157,12137,-0.01
27161,12137,-0.01
27166,12137,-0.01
27171,12137,-0.01
27175,12137,-0.01
27180,12137,-0.01
27185,12137,-0.01
27189,12137,-0.01
27194,12137,-0.01
27199,12137,-0.01
27203,12137,-0.01
27208,12137,-0.01
27213,12137,-0.01
27217,12137,-0.01
27222,12137,-0.01
27227,12137,-0.01
27231,12137,-0.01
27236,12137,-0.01
27241,12137,-0.01
27245,12137,-0.01
27250,12137,-0.01
27255,12137,-0.01
27259,12137,-0.01
27264,12137,-0.01
27269,12137,-0.01
27273,12137,-0.01
27278,12137,-0.01
27283,12137,-0.01
27287,12137,-0.01
27292,12137,-0.01
27297,12137,-0.01
27301,12137,-0.01
27306,12137,-0.01
27311,12137,-0.01
27315,12137,-0.01
27320,12137,-0.01
27325,12137,-0.01
27329,12137,-0.01
27334,12137,-0.01
27339,12137,-0.01
27343,12137,-0.01
27348,12137,-0.01
27353,12137,-0.01
27357,12137,-0.01
27362,12137,-0.01
27367,12137,-0.01
27371,12137,-0.01
27376,12137,-0.01
27381,12137,-0.01
27385,12137,-0.01
27390,12137,-0.01
27395,12137,-0.01
27399,12137,-0.01
27404,12137,-0.01
27409,12137,-0.01
27413,12137,-0.01
27418,12137,-0.01
27423,12137,-0.01
27427,12137,-0.01
27432,12137,-0.01
27437,12137,-0.01
27441,12137,-0.01
27446,12137,-0.01
27451,12137,-0.01
27455,12137,-0.01
27460,12137,-0.01
27465,12137,-0.01
27469,12137,-0.01
27474,12137,-0.01
27479,12137,-0.01
27483,12137,-0.01
27488,12137,-0.01
27493,12137,-0.01
27497,12137,-0.01
27502,12137,-0.01
27507,12137,-0.01
27511,12137,-0.01
27516,12137,-0.01
27521,12137,-0.01
27525,12137,-0.01
27530,12137,-0.01
27535,12137,-0.01
27539,12137,-0.01
27544,12137,-0.01
27549,12137,-0.01
27553,12137,-0.01
27558,12137,-0.01
27563,12137,-0.01
27567,12137,-0.01
27572,12137,-0.01
27577,12137,-0.01
27581,12137,-0.01
27586,12137,-0.01
27591,12137,-0.01
27595,12137,-0.01
27600,12137,-0.01
27605,12137,-0.01
27609,12137,-0.01
27614,12137,-0.01
27619,12137,-0.01
27623,12137,-0.01
27628,12137,-0.01
27633,12137,-0.01
27637,12137,-0.01
27642,12137,-0.01
27647,12137,-0.01
27651,12137,-0.01
27656,12137,-0.01
27661,12137,-0.01
27665,12137,-0.01
27670,12137,-0.01
27675,12137,-0.01
27679,12137,-0.01
27684,12137,-0.01
27689,12137,-0.01
27693,12137,-0.01
27698,12137,-0.01
27703,12137,-0.01
27707,12137,-0.01
27712,12137,-0.01
27717,12137,-0.01
27721,12137,-0.01
27726,12137,-0.01
27731,12137,-0.01
27735,12137,-0.01
27740,12137,-0.01
27745,12137,-0.01
27749,12137,-0.01
27754,12137,-0.01
27759,12137,-0.01
27763,12137,-0.01
27768,12137,-0.01
27773,12137,-0.01
27777,12137,-0.01
27782,12137,-0.01
27787,12137,-0.01
27791,12137,-0.01
27796,12137,-0.01
27801,12137,-0.01
27805,12137,-0.01
27810,12137,-0.01
27815,12137,-0.01
27819,12137,-0.01
27824,12137,-0.01
27829,12137,-0.01
27833,12137,-0.01
27838,12137,-0.01
27843,12137,-0.01
27847,12137,-0.01
27852,12137,-0.01
27857,12137,-0.01
27861,12137,-0.01
27866,12137,-0.01
27871,12137,-0.01
27875,12137,-0.01
27880,12137,-0.01
27885,12137,-0.01
27889,12137,-0.01
27894,12137,-0.01
27899,12137,-0.01
27903,12137,-0.01
27908,12137,-0.01
27913,12137,-0.01
27917,12137,-0.01
27922,12137,-0.01
27927,12137,-0.01
27931,12137,-0.01
27936,12137,-0.01
27941,12137,-0.01
27945,12137,-0.01
27950,12137,-0.01
27955,12137,-0.01
27959,12137,-0.01
27964,12137,-0.01
27969,12137,-0.01
27973,12137,-0.01
27978,12137,-0.01
27983,12137,-0.01
27987,12137,-0.01
27992,12137,-0.01
27997,12137,-0.01
28001,12137,-0.01
28006,12137,-0.01
28011,12137,-0.01
28015,12137,-0.01
28020,12137,-0.01
28025,12137,-0.01
28029,12137,-0.01
28034,12137,-0.01
28039,12137,-0.01
28043,12137,-0.01
28048,12137,-0.01
28053,12137,-0.01
28057,12137,-0.01
28062,12137,-0.01
28067,12137,-0.01
28071,12137,-0.01
28076,12137,-0.01
28081,12137,-0.01
28085,12137,-0.01
28090,12137,-0.01
28095,12137,-0.01
28099,12137,-0.01
28104,12137,-0.01
28109,12137,-0.01
28113,12137,-0.01
28118,12137,-0.01
28123,12137,-0.01
28127,12137,-0.01
28132,12137,-0.01
28137,12137,-0.01
28141,12137,-0.01
28146,12137,-0.01
28151,12137,-0.01
28155,12137,-0.01
28160,12137,-0.01
28165,12137,-0.01
28169,12137,-0.01
28174,12137,-0.01
28179,12137,-0.01
28183,12137,-0.01
28188,12137,-0.01
28193,12137,-0.01
28197,12137,-0.01
28202,12137,-0.01
28207,12137,-0.01
28211,12137,-0.01
28216,12137,-0.01
28221,12137,-0.01
28225,12137,-0.01
28230,12137,-0.01
28235,12137,-0.01
28239,12137,-0.01
28244,12137,-0.01
28249,12137,-0.01
28253,12137,-0.01
28258,12137,-0.01
28263,12137,-0.01
28267,12137,-0.01
28272,12137,-0.01
28277,12137,-0.01
28281,12137,-0.01
28286,12137,-0.01
28291,12137,-0.01
28295,12137,-0.01
28300,12137,-0.01
28305,12137,-0.01
28309,12137,-0.01
28314,12137,-0.01
28319,12137,-0.01
28323,12137,-0.01
28328,12137,-0.01
28333,12137,-0.01
28337,12137,-0.01
28342,12137,-0.01
28347,12137,-0.01
28351,12137,-0.01
28356,12137,-0.01
28361,12137,-0.01
28365,12137,-0.01
28370,12137,-0.01
28375,12137,-0.01
28379,12137,-0.01
28384,12137,-0.01
28389,12137,-0.01
28393,12137,-0.01
28398,12137,-0.01
28403,12137,-0.01
28407,12137,-0.01
28412,12137,-0.01
28417,12137,-0.01
28421,12137,-0.01
28426,12137,-0.01
28431,12137,-0.01
28435,12137,-0.01
28440,12137,-0.01
28445,12137,-0.01
28449,12137,-0.01
28454,12137,-0.01
28459,12137,-0.01
28463,12137,-0.01
28468,12137,-0.01
28473,12137,-0.01
28477,12137,-0.01
28482,12137,-0.01
28487,12137,-0.01
28491,12137,-0.01
28496,12137,-0.01
28501,12137,-0.01
28505,12137,-0.01
28510,12137,-0.01
28515,12137,-0.01
28519,12137,-0.01
28524,12137,-0.01
28529,12137,-0.01
28533,12137,-0.01
28538,12137,-0.01
28543,12137,-0.01
28547,12137,-0.01
28552,12137,-0.01
28557,12137,-0.01
28561,12137,-0.01
28566,12137,-0.01
28571,12137,-0.01
28575,12137,-0.01
28580,12137,-0.01
28585,12137,-0.01
28589,12137,-0.01
28594,12137,-0.01
28599,12137,-0.01
28603,12137,-0.01
28608,12137,-0.01
28613,12137,-0.01
28617,12137,-0.01
28622,12137,-0.01
28627,12137,-0.01
28631,12137,-0.01
28636,12137,-0.01
28641,12137,-0.01
28645,12137,-0.01
28650,12137,-0.01
28655,12137,-0.01
28659,12137,-0.01
28664,12137,-0.01
28669,12137,-0.01
28673,12137,-0.01
28678,12137,-0.01
28683,12137,-0.01
28687,12137,-0.01
28692,12137,-0.01
28697,12137,-0.01
28701,12137,-0.01
28706,12137,-0.01
28711,12137,-0.01
28715,12137,-0.01
28720,12137,-0.01
28725,12137,-0.01
28729,12137,-0.01
28734,12137,-0.01
28739,12137,-0.01
28743,12137,-0.01
28748,12137,-0.01
28753,12137,-0.01
28757,12137,-0.01
28762,12137,-0.01
28767,12137,-0.01
28771,12137,-0.01
28776,12137,-0.01
28781,12137,-0.01
28785,12137,-0.01
28790,12137,-0.01
28795,12137,-0.01
28799,12137,-0.01
28804,12137,-0.01
28809,12137,-0.01
28813,12137,-0.01
28818,12137,-0.01
28823,12137,-0.01
28827,12137,-0.01
28832,12137,-0.01
28837,12137,-0.01
28841,12137,-0.01
28846,12137,-0.01
28851,12137,-0.01
28855,12137,-0.01
28860,12137,-0.01
28865,12137,-0.01
28869,12137,-0.01
28874,12137,-0.01
28879,12137,-0.01
28883,12137,-0.01
28888,12137,-0.01
28893,12137,-0.01
28897,12137,-0.01
28902,12137,-0.01
28907,12137,-0.01
28911,12137,-0.01
28916,12137,-0.01
28921,12137,-0.01
28925,12137,-0.01
28930,12137,-0.01
28935,12137,-0.01
28939,12137,-0.01
28944,12137,-0.01
28949,12137,-0.01
28953,12137,-0.01
28958,12137,-0.01
28963,12137,-0.01
28967,12137,-0.01
28972,12137,-0.01
28977,12137,-0.01
28981,12137,-0.01
28986,12137,-0.01
28991,12137,-0.01
28995,12137,-0.01
29000,12137,-0.01
29005,12137,-0.01
29009,12137,-0.01
29014,12137,-0.01
29019,12137,-0.01
29023,12137,-0.01
29028,12137,-0.01
29033,12137,-0.01
29037,12137,-0.01
29042,12137,-0.01
29047,12137,-0.01
29051,12137,-0.01
29056,12137,-0.01
29061,12137,-0.01
29065,12137,-0.01
29070,12137,-0.01
29075,12137,-0.01
29079,12137,-0.01
29084,12137,-0.01
29089,12137,-0.01
29093,12137,-0.01
29098,12137,-0.01
29103,12137,-0.01
29107,12137,-0.01
29112,12137,-0.01
29117,12137,-0.01
29121,12137,-0.01
29126,12137,-0.01
29131,12137,-0.01
29135,12137,-0.01
29140,12137,-0.01
29145,12137,-0.01
29149,12137,-0.01
29154,12137,-0.01
29159,12137,-0.01
29163,12137,-0.01
29168,12137,-0.01
29173,12137,-0.01
29177,12137,-0.01
29182,12137,-0.01
29187,12137,-0.01
29191,12137,-0.01
29196,12137,-0.01
29201,12137,-0.01
29205,12137,-0.01
29210,12137,-0.01
29215,12137,-0.01
29219,12137,-0.01
29224,12137,-0.01
29229,12137,-0.01
29233,12137,-0.01
29238,12137,-0.01
29243,12137,-0.01
29247,12137,-0.01
29252,12137,-0.01
29257,12137,-0.01
29261,12137,-0.01
29266,12137,-0.01
29271,12137,-0.01
29275,12137,-0.01
29280,12137,-0.01
29285,12137,-0.01
29289,12137,-0.01
29294,12137,-0.01
29299,12137,-0.01
29303,12137,-0.01
29308,12137,-0.01
29313,12137,-0.01
29317,12137,-0.01
29322,12137,-0.01
29327,12137,-0.01
29331,12137,-0.01
29336,12137,-0.01
29341,12137,-0.01
29345,12137,-0.01
29350,12137,-0.01
29355,12137,-0.01
29359,12137,-0.01
29364,12137,-0.01
29369,12137,-0.01
29373,12137,-0.01
29378,12137,-0.01
29383,12137,-0.01
29387,12137,-0.01
29392,12137,-0.01
29397,12137,-0.01
29401,12137,-0.01
29406,12137,-0.01
29411,12137,-0.01
29415,12137,-0.01
29420,12137,-0.01
29425,12137,-0.01
29429,12137,-0.01
29434,12137,-0.01
29439,12137,-0.01
29443,12137,-0.01
29448,12137,-0.01
29453,12137,-0.01
29457,12137,-0.01
29462,12137,-0.01
29467,12137,-0.01
29471,12137,-0.01
29476,12137,-0.01
29481,12137,-0.01
29485,12137,-0.01
29490,12137,-0.01
29495,12137,-0.01
29499,12137,-0.01
29504,12137,-0.01
29509,12137,-0.01
29513,12137,-0.01
29518,12137,-0.01
29523,12137,-0.01
29527,12137,-0.01
29532,12137,-0.01
29537,12137,-0.01
29541,12137,-0.01
29546,12137,-0.01
29551,12137,-0.01
29555,12137,-0.01
29560,12137,-0.01
29565,12137,-0.01
29569,12137,-0.01
29574,12137,-0.01
29579,12137,-0.01
29583,12137,-0.01
29588,12137,-0.01
29593,12137,-0.01
29597,12137,-0.01
29602,12137,-0.01
29607,12137,-0.01
29611,12137,-0.01
29616,12137,-0.01
29621,12137,-0.01
29625,12137,-0.01
29630,12137,-0.01
29635,12137,-0.01
29639,12137,-0.01
29644,12137,-0.01
29649,12137,-0.01
29653,12137,-0.01
29658,12137,-0.01
29663,12137,-0.01
29667,12137,-0.01
29672,12137,-0.01
29677,12137,-0.01
29681,12137,-0.01
29686,12137,-0.01
29691,12137,-0.01
29695,12137,-0.01
29700,12137,-0.01
29705,12137,-0.01
29709,12137,-0.01
29714,12137,-0.01
29719,12137,-0.01
29723,12137,-0.01
29728,12137,-0.01
29733,12137,-0.01
29737,12137,-0.01
29742,12137,-0.01
29747,12137,-0.01
29751,12137,-0.01
29756,12137,-0.01
29761,12137,-0.01
29765,12137,-0.01
29770,12137,-0.01
29775,12137,-0.01
29779,12137,-0.01
29784,12137,-0.01
29789,12137,-0.01
29793,12137,-0.01
29798,12137,-0.01
29803,12137,-0.01
29807,12137,-0.01
29812,12137,-0.01
29817,12137,-0.01
29821,12137,-0.01
29826,12137,-0.01
29831,12137,-0.01
29835,12137,-0.01
29840,12137,-0.01
29845,12137,-0.01
29849,12137,-0.01
29854,12137,-0.01
29859,12137,-0.01
29863,12137,-0.01
29868,12137,-0.01
29873,12137,-0.01
29877,12137,-0.01
29882,12137,-0.01
29887,12137,-0.01
29891,12137,-0.01
29896,12137,-0.01
29901,12137,-0.01
29905,12137,-0.01
29910,12137,-0.01
29915,12137,-0.01
29919,12137,-0.01
29924,12137,-0.01
29929,12137,-0.01
29933,12137,-0.01
29938,12137,-0.01
29943,12137,-0.01
29947,12137,-0.01
29952,12137,-0.01
29957,12137,-0.01
29961,12137,-0.01
29966,12137,-0.01
29971,12137,-0.01
29975,12137,-0.01
29980,12137,-0.01
29985,12137,-0.01
29989,12137,-0.01
29994,12137,-0.01
29999,12137,-0.01
30003,12137,-0.01
30008,12137,-0.01
30013,12137,-0.01
30017,12137,-0.01
30022,12137,-0.01
30027,12137,-0.01
30031,12137,-0.01
30036,12137,-0.01
30041,12137,-0.01
30045,12137,-0.01
30050,12137,-0.01
30055,12137,-0.01
30059,12137,-0.01
30064,12137,-0.01
30069,12137,-0.01
30073,12137,-0.01
30078,12137,-0.01
30083,12137,-0.01
30087,12137,-0.01
30092,12137,-0.01
30097,12137,-0.01
30101,12137,-0.01
30106,12137,-0.01
30111,12137,-0.01
30115,12137,-0.01
30120,12137,-0.01
30125,12137,-0.01
30129,12137,-0.01
30134,12137,-0.01
30139,12137,-0.01
30143,12137,-0.01
30148,12137,-0.01
30153,12137,-0.01
30157,12137,-0.01
30162,12137,-0.01
30167,12137,-0.01
30171,12137,-0.01
30176,12137,-0.01
30181,12137,-0.01
30185,12137,-0.01
30190,12137,-0.01
30195,12137,-0.01
30199,12137,-0.01
30204,12137,-0.01
30209,12137,-0.01
30213,12137,-0.01
30218,12137,-0.01
30223,12137,-0.01
30227,12137,-0.01
30232,12137,-0.01
30237,12137,-0.01
30241,12137,-0.01
30246,12137,-0.01
30251,12137,-0.01
30255,12137,-0.01
30260,12137,-0.01
30265,12137,-0.01
30269,12137,-0.01
30274,12137,-0.01
30279,12137,-0.01
30283,12137,-0.01
30288,12137,-0.01
30293,12137,-0.01
30297,12137,-0.01
30302,12137,-0.01
30307,12137,-0.01
30311,12137,-0.01
30316,12137,-0.01
30321,12137,-0.01
30325,12137,-0.01
30330,12137,-0.01
30335,12137,-0.01
30339,12137,-0.01
30344,12137,-0.01
30349,12137,-0.01
30353,12137,-0.01
30358,12137,-0.01
30363,12137,-0.01
30367,12137,-0.01
30372,12137,-0.01
30377,12137,-0.01
30381,12137,-0.01
30386,12137,-0.01
30391,12137,-0.01
30395,12137,-0.01
30400,12137,-0.01
30405,12137,-0.01
30409,12137,-0.01
30414,12137,-0.01
30419,12137,-0.01
30423,12137,-0.01
30428,12137,-0.01
30433,12137,-0.01
30437,12137,-0.01
30442,12137,-0.01
30447,12137,-0.01
30451,12137,-0.01
30456,12137,-0.01
30461,12137,-0.01
30465,12137,-0.01
30470,12137,-0.01
30475,12137,-0.01
30479,12137,-0.01
30484,12137,-0.01
30489,12137,-0.01
30493,12137,-0.01
30498,12137,-0.01
30503,12137,-0.01
30507,12137,-0.01
30512,12137,-0.01
30517,12137,-0.01
30521,12137,-0.01
30526,12137,-0.01
30531,12137,-0.01
30535,12137,-0.01
30540,12137,-0.01
30545,12137,-0.01
30549,12137,-0.01
30554,12137,-0.01
30559,12137,-0.01
30563,12137,-0.01
30568,12137,-0.01
30573,12137,-0.01
30577,12137,-0.01
30582,12137,-0.01
30587,12137,-0.01
30591,12137,-0.01
30596,12137,-0.01
30601,12137,-0.01
30605,12137,-0.01
30610,12137,-0.01
30615,12137,-0.01
30619,12137,-0.01
30624,12137,-0.01
30629,12137,-0.01
30633,12137,-0.01
30638,12137,-0.01
30643,12137,-0.01
30647,12137,-0.01
30652,12137,-0.01
30657,12137,-0.01
30661,12137,-0.01
30666,12137,-0.01
30671,12137,-0.01
30675,12137,-0.01
30680,12137,-0.01
30685,12137,-0.01
30689,12137,-0.01
30694,12137,-0.01
30699,12137,-0.01
30703,12137,-0.01
30708,12137,-0.01
30713,12137,-0.01
30717,12137,-0.01
30722,12137,-0.01
30727,12137,-0.01
30731,12137,-0.01
30736,12137,-0.01
30741,12137,-0.01
30745,12137,-0.01
30750,12137,-0.01
30755,12137,-0.01
30759,12137,-0.01
30764,12137,-0.01
30769,12137,-0.01
30773,12137,-0.01
30778,12137,-0.01
30783,12137,-0.01
30787,12137,-0.01
30792,12137,-0.01
30797,12137,-0.01
30801,12137,-0.01
30806,12137,-0.01
30811,12137,-0.01
30815,12137,-0.01
30820,12137,-0.01
30825,12137,-0.01
30829,12137,-0.01
30834,12137,-0.01
30839,12137,-0.01
30843,12137,-0.01
30848,12137,-0.01
30853,12137,-0.01
30857,12137,-0.01
30862,12137,-0.01
30867,12137,-0.01
30871,12137,-0.01
30876,12137,-0.01
30881,12137,-0.01
30885,12137,-0.01
30890,12137,-0.01
30895,12137,-0.01
30899,12137,-0.01
30904,12137,-0.01
30909,12137,-0.01
30913,12137,-0.01
30918,12137,-0.01
30923,12137,-0.01
30927,12137,-0.01
30932,12137,-0.01
30937,12137,-0.01
30941,12137,-0.01
30946,12137,-0.01
30951,12137,-0.01
30955,12137,-0.01
30960,12137,-0.01
30965,12137,-0.01
30969,12137,-0.01
30974,12137,-0.01
30979,12137,-0.01
30983,12137,-0.01
30988,12137,-0.01
30993,12137,-0.01
30997,12137,-0.01
31002,12137,-0.01
31007,12137,-0.01
31011,12137,-0.01
31016,12137,-0.01
31021,12137,-0.01
31025,12137,-0.01
31030,12137,-0.01
31035,12137,-0.01
31039,12137,-0.01
31044,12137,-0.01
31049,12137,-0.01
31053,12137,-0.01
31058,12137,-0.01
31063,12137,-0.01
31067,12137,-0.01
31072,12137,-0.01
31077,12137,-0.01
31081,12137,-0.01
31086,12137,-0.01
31091,12137,-0.01
31095,12137,-0.01
31100,12137,-0.01
31105,12137,-0.01
31109,12137,-0.01
31114,12137,-0.01
31119,12137,-0.01
31123,12137,-0.01
31128,12137,-0.01
31133,12137,-0.01
31137,12137,-0.01
31142,12137,-0.01
31147,12137,-0.01
31151,12137,-0.01
31156,12137,-0.01
31161,12137,-0.01
31165,12137,-0.01
31170,12137,-0.01
31175,12137,-0.01
31179,12137,-0.01
31184,12137,-0.01
31189,12137,-0.01
31193,12137,-0.01
31198,12137,-0.01
31203,12137,-0.01
31207,12137,-0.01
31212,12137,-0.01
31217,12137,-0.01
31221,12137,-0.01
31226,12137,-0.01
31231,12137,-0.01
31235,12137,-0.01
31240,12137,-0.01
31245,12137,-0.01
31249,12137,-0.01
31254,12137,-0.01
31259,12137,-0.01
31263,12137,-0.01
31268,12137,-0.01
31273,12137,-0.01
31277,12137,-0.01
31282,12137,-0.01
31287,12137,-0.01
31291,12137,-0.01
31296,12137,-0.01
31301,12137,-0.01
31305,12137,-0.01
31310,12137,-0.01
31315,12137,-0.01
31319,12137,-0.01
31324,12137,-0.01
31329,12137,-0.01
31333,12137,-0.01
31338,12137,-0.01
31343,12137,-0.01
31347,12137,-0.01
31352,12137,-0.01
31357,12137,-0.01
31361,12137,-0.01
31366,12137,-0.01
31371,12137,-0.01
31375,12137,-0.01
31380,12137,-0.01
31385,12137,-0.01
31389,12137,-0.01
31394,12137,-0.01
31399,12137,-0.01
31403,12137,-0.01
31408,12137,-0.01
31413,12137,-0.01
31417,12137,-0.01
31422,12137,-0.01
31427,12137,-0.01
31431,12137,-0.01
31436,12137,-0.01
31441,12137,-0.01
31445,12137,-0.01
31450,12137,-0.01
31455,12137,-0.01
31459,12137,-0.01
31464,12137,-0.01
31469,12137,-0.01
31473,12137,-0.01
31478,12137,-0.01
31483,12137,-0.01
31487,12137,-0.01
31492,12137,-0.01
31497,12137,-0.01
31501,12137,-0.01
31506,12137,-0.01
31511,12137,-0.01
31515,12137,-0.01
31520,12137,-0.01
31525,12137,-0.01
31529,12137,-0.01
31534,12137,-0.01
31539,12137,-0.01
31543,12137,-0.01
31548,12137,-0.01
31553,12137,-0.01
31557,12137,-0.01
31562,12137,-0.01
31567,12137,-0.01
31571,12137,-0.01
31576,12137,-0.01
31581,12137,-0.01
31585,12137,-0.01
31590,12137,-0.01
31595,12137,-0.01
31599,12137,-0.01
31604,12137,-0.01
31609,12137,-0.01
31613,12137,-0.01
31618,12137,-0.01
31623,12137,-0.01
31627,12137,-0.01
31632,12137,-0.01
31637,12137,-0.01
31641,12137,-0.01
31646,12137,-0.01
31651,12137,-0.01
31655,12137,-0.01
31660,12137,-0.01
31665,12137,-0.01
31669,12137,-0.01
31674,12137,-0.01
31679,12137,-0.01
31683,12137,-0.01
31688,12137,-0.01
31693,12137,-0.01
31697,12137,-0.01
31702,12137,-0.01
31707,12137,-0.01
31711,12137,-0.01
31716,12137,-0.01
31721,12137,-0.01
31725,12137,-0.01
31730,12137,-0.01
31735,12137,-0.01
31739,12137,-0.01
31744,12137,-0.01
31749,12137,-0.01
31753,12137,-0.01
31758,12137,-0.01
31763,12137,-0.01
31767,12137,-0.01
31772,12137,-0.01
31777,12137,-0.01
31781,12137,-0.01
31786,12137,-0.01
31791,12137,-0.01
31795,12137,-0.01
31800,12137,-0.01
31805,12137,-0.01
31809,12137,-0.01
31814,12137,-0.01
31819,12137,-0.01
31823,12137,-0.01
31828,12137,-0.01
31833,12137,-0.01
31837,12137,-0.01
31842,12137,-0.01
31847,12137,-0.01
31851,12137,-0.01
31856,12137,-0.01
31861,12137,-0.01
31865,12137,-0.01
31870,12137,-0.01
31875,12137,-0.01
31879,12137,-0.01
31884,12137,-0.01
31889,12137,-0.01
31893,12137,-0.01
31898,12137,-0.01
31903,12137,-0.01
31907,12137,-0.01
31912,12137,-0.01
31917,12137,-0.01
31921,12137,-0.01
31926,12137,-0.01
31931,12137,-0.01
31935,12137,-0.01
31940,12137,-0.01
31945,12137,-0.01
31949,12137,-0.01
31954,12137,-0.01
31959,12137,-0.01
31974,12137,-0.01
31978,12137,-0.01
31983,12137,-0.01
31988,12137,-0.01
31992,12137,-0.01
31997,12137,-0.01
32002,12137,-0.01
32006,12137,-0.01
32011,12137,-0.01
32016,12137,-0.01
32020,12137,-0.01
32025,12137,-0.01
32030,12137,-0.01
32034,12137,-0.01
32039,12137,-0.01
32044,12137,-0.01
32048,12137,-0.01
32053,12137,-0.01
32058,12137,-0.01
32062,12137,-0.01
32067,12137,-0.01
32072,12137,-0.01
32076,12137,-0.01
32081,12137,-0.01
32086,12137,-0.01
32090,12137,-0.01
32095,12137,-0.01
32100,12137,-0.01
32104,12137,-0.01
32109,12137,-0.01
32114,12137,-0.01
32118,12137,-0.01
32123,12137,-0.01
32128,12137,-0.01
32132,12137,-0.01
32137,12137,-0.01
32142,12137,-0.01
32146,12137,-0.01
32151,12137,-0.01
32156,12137,-0.01
32160,12137,-0.01
32165,12137,-0.01
32170,12137,-0.01
32174,12137,-0.01
32179,12137,-0.01
32184,12137,-0.01
32188,12137,-0.01
32193,12137,-0.01
32198,12137,-0.01
32202,12137,-0.01
32207,12137,-0.01
32212,12137,-0.01
32216,12137,-0.01
32221,12137,-0.01
32226,12137,-0.01
32230,12137,-0.01
32235,12137,-0.01
32240,12137,-0.01
32244,12137,-0.01
32249,12137,-0.01
32254,12137,-0.01
32258,12137,-0.01
32263,12137,-0.01
32268,12137,-0.01
32272,12137,-0.01
32277,12137,-0.01
32282,12137,-0.01
32286,12137,-0.01
32291,12137,-0.01
32296,12137,-0.01
32300,12137,-0.01
32305,12137,-0.01
32310,12137,-0.01
32314,12137,-0.01
32319,12137,-0.01
32324,12137,-0.01
32328,12137,-0.01
32333,12137,-0.01
32338,12137,-0.01
32342,12137,-0.01
32347,12137,-0.01
32352,12137,-0.01
32356,12137,-0.01
32361,12137,-0.01
32366,12137,-0.01
32370,12137,-0.01
32375,12137,-0.01
32380,12137,-0.01
32384,12137,-0.01
32389,12137,-0.01
32394,12137,-0.01
32398,12137,-0.01
32403,12137,-0.01
32408,12137,-0.01
32412,12137,-0.01
32417,12137,-0.01
32422,12137,-0.01
32426,12137,-0.01
32431,12137,-0.01
32436,12137,-0.01
32440,12137,-0.01
32445,12137,-0.01
32450,12137,-0.01
32454,12137,-0.01
32459,12137,-0.01
32464,12137,-0.01
32468,12137,-0.01
32473,12137,-0.01
32478,12137,-0.01
32482,12137,-0.01
32487,12137,-0.01
32492,12137,-0.01
32496,12137,-0.01
32501,12137,-0.01
32506,12137,-0.01
32510,12137,-0.01
32515,12137,-0.01
32520,12137,-0.01
32524,12137,-0.01
32529,12137,-0.01
32534,12137,-0.01
32538,12137,-0.01
32543,12137,-0.01
32548,12137,-0.01
32552,12137,-0.01
32557,12137,-0.01
32562,12137,-0.01
32566,12137,-0.01
32571,12137,-0.01
32576,12137,-0.01
32580,12137,-0.01
32585,12137,-0.01
32590,12137,-0.01
32594,12137,-0.01
32599,12137,-0.01
32604,12137,-0.01
32608,12137,-0.01
32613,12137,-0.01
32618,12137,-0.01
32622,12137,-0.01
32627,12137,-0.01
32632,12137,-0.01
32636,12137,-0.01
32641,12137,-0.01
32646,12137,-0.01
32650,12137,-0.01
32655,12137,-0.01
32660,12137,-0.01
32664,12137,-0.01
32669,12137,-0.01
32674,12137,-0.01
32678,12137,-0.01
32683,12137,-0.01
32688,12137,-0.01
32692,12137,-0.01
32697,12137,-0.01
32702,12137,-0.01
32706,12137,-0.01
32711,12137,-0.01
32716,12137,-0.01
32720,12137,-0.01
32725,12137,-0.01
32730,12137,-0.01
32734,12137,-0.01
32739,12137,-0.01
32744,12137,-0.01
32748,12137,-0.01
32753,12137,-0.01
32758,12137,-0.01
32762,12137,-0.01
32767,12137,-0.01
32772,12137,-0.01
32776,12137,-0.01
32781,12137,-0.01
32786,12137,-0.01
32790,12137,-0.01
32795,12137,-0.01
32800,12137,-0.01
32804,12137,-0.01
32809,12137,-0.01
32814,12137,-0.01
32818,12137,-0.01
32823,12137,-0.01
32828,12137,-0.01
32832,12137,-0.01
32837,12137,-0.01
32842,12137,-0.01
32846,12137,-0.01
32851,12137,-0.01
32856,12137,-0.01
32860,12137,-0.01
32865,12137,-0.01
32870,12137,-0.01
32874,12137,-0.01
32879,12137,-0.01
32884,12137,-0.01
32888,12137,-0.01
32893,12137,-0.01
32898,12137,-0.01
32902,12137,-0.01
32907,12137,-0.01
32912,12137,-0.01
32916,12137,-0.01
32921,12137,-0.01
32926,12137,-0.01
32930,12137,-0.01
32935,12137,-0.01
32940,12137,-0.01
32944,12137,-0.01
32949,12137,-0.01
32954,12137,-0.01
32958,12137,-0.01
32963,12137,-0.01
32968,12137,-0.01
32972,12137,-0.01
32977,12137,-0.01
32982,12137,-0.01
32986,12137,-0.01
32991,12137,-0.01
32996,12137,-0.01
33000,12137,-0.01
33005,12137,-0.01
33010,12137,-0.01
33014,12137,-0.01
33019,12137,-0.01
33024,12137,-0.01
33028,12137,-0.01
33033,12137,-0.01
33038,12137,-0.01
33042,12137,-0.01
33047,12137,-0.01
33052,12137,-0.01
33056,12137,-0.01
33061,12137,-0.01
33066,12137,-0.01
33070,12137,-0.01
33075,12137,-0.01
33080,12137,-0.01
33084,12137,-0.01
33089,12137,-0.01
33094,12137,-0.01
33098,12137,-0.01
33103,12137,-0.01
33108,12137,-0.01
33112,12137,-0.01
33117,12137,-0.01
33122,12137,-0.01
33126,12137,-0.01
33131,12137,-0.01
33136,12137,-0.01
33140,12137,-0.01
33145,12137,-0.01
33150,12137,-0.01
33154,12137,-0.01
33159,12137,-0.01
33164,12137,-0.01
33168,12137,-0.01
33173,12137,-0.01
33178,12137,-0.01
33182,12137,-0.01
33187,12137,-0.01
33192,12137,-0.01
33196,12137,-0.01
33201,12137,-0.01
33206,12137,-0.01
33210,12137,-0.01
33215,12137,-0.01
33220,12137,-0.01
33224,12137,-0.01
33229,12137,-0.01
33234,12137,-0.01
33238,12137,-0.01
33243,12137,-0.01
33248,12137,-0.01
33252,12137,-0.01
33257,12137,-0.01
33262,12137,-0.01
33266,12137,-0.01
33271,12137,-0.01
33276,12137,-0.01
33280,12137,-0.01
33285,12137,-0.01
33290,12137,-0.01
33294,12137,-0.01
33299,12137,-0.01
33304,12137,-0.01
33308,12137,-0.01
33313,12137,-0.01
33318,12137,-0.01
33322,12137,-0.01
33327,12137,-0.01
33332,12137,-0.01
33336,12137,-0.01
33341,12137,-0.01
33346,12137,-0.01
33350,12137,-0.01
33355,12137,-0.01
33360,12137,-0.01
33364,12137,-0.01
33369,12137,-0.01
33374,12137,-0.01
33378,12137,-0.01
33383,12137,-0.01
33388,12137,-0.01
33392,12137,-0.01
33397,12137,-0.01
33402,12137,-0.01
33406,12137,-0.01
33411,12137,-0.01
33416,12137,-0.01
33420,12137,-0.01
33425,12137,-0.01
33430,12137,-0.01
33434,12137,-0.01
33439,12137,-0.01
33444,12137,-0.01
33448,12137,-0.01
33453,12137,-0.01
33458,12137,-0.01
33462,12137,-0.01
33467,12137,-0.01
33472,12137,-0.01
33476,12137,-0.01
33481,12137,-0.01
33486,12137,-0.01
33490,12137,-0.01
33495,12137,-0.01
33500,12137,-0.01
33504,12137,-0.01
33509,12137,-0.01
33514,12137,-0.01
33518,12137,-0.01
33523,12137,-0.01
33528,12137,-0.01
33532,12137,-0.01
33537,12137,-0.01
33542,12137,-0.01
33546,12137,-0.01
33551,12137,-0.01
33556,12137,-0.01
33560,12137,-0.01
33565,12137,-0.01
33570,12137,-0.01
33574,12137,-0.01
33579,12137,-0.01
33584,12137,-0.01
33588,12137,-0.01
33593,12137,-0.01
33598,12137,-0.01
33602,12137,-0.01
33607,12137,-0.01
33612,12137,-0.01
33616,12137,-0.01
33621,12137,-0.01
33626,12137,-0.01
33630,12137,-0.01
33635,12137,-0.01
33640,12137,-0.01
33644,12137,-0.01
33649,12137,-0.01
33654,12137,-0.01
33658,12137,-0.01
33663,12137,-0.01
33668,12137,-0.01
33672,12137,-0.01
33677,12137,-0.01
33682,12137,-0.01
33686,12137,-0.01
33691,12137,-0.01
33696,12137,-0.01
33700,12137,-0.01
33705,12137,-0.01
33710,12137,-0.01
33714,12137,-0.01
33719,12137,-0.01
33724,12137,-0.01
33728,12137,-0.01
33733,12137,-0.01
33738,12137,-0.01
33742,12137,-0.01
33747,12137,-0.01
33752,12137,-0.01
33756,12137,-0.01
33761,12137,-0.01
33766,12137,-0.01
33770,12137,-0.01
33775,12137,-0.01
33780,12137,-0.01
33784,12137,-0.01
33789,12137,-0.01
33794,12137,-0.01
33798,12137,-0.01
33803,12137,-0.01
33808,12137,-0.01
33812,12137,-0.01
33817,12137,-0.01
33822,12137,-0.01
33826,12137,-0.01
33831,12137,-0.01
33836,12137,-0.01
33840,12137,-0.01
33845,12137,-0.01
33850,12137,-0.01
33854,12137,-0.01
33859,12137,-0.01
33864,12137,-0.01
33868,12137,-0.01
33873,12137,-0.01
33878,12137,-0.01
33882,12137,-0.01
33887,12137,-0.01
33892,12137,-0.01
33896,12137,-0.01
33901,12137,-0.01
33906,12137,-0.01
33910,12137,-0.01
33915,12137,-0.01
33920,12137,-0.01
33924,12137,-0.01
33929,12137,-0.01
33934,12137,-0.01
33938,12137,-0.01
33943,12137,-0.01
33948,12137,-0.01
33952,12137,-0.01
33957,12137,-0.01
33962,12137,-0.01
33966,12137,-0.01
33971,12137,-0.01
33976,12137,-0.01
33980,12137,-0.01
33985,12137,-0.01
33990,12137,-0.01
33994,12137,-0.01
33999,12137,-0.01
34004,12137,-0.01
34008,12137,-0.01
34013,12137,-0.01
34018,12137,-0.01
34022,12137,-0.01
34027,12137,-0.01
34032,12137,-0.01
34036,12137,-0.01
34041,12137,-0.01
34046,12137,-0.01
34050,12137,-0.01
34055,12137,-0.01
34060,12137,-0.01
34064,12137,-0.01
34069,12137,-0.01
34074,12137,-0.01
34078,12137,-0.01
34083,12137,-0.01
34088,12137,-0.01
34092,12137,-0.01
34097,12137,-0.01
34102,12137,-0.01
34106,12137,-0.01
34111,12137,-0.01
34116,12137,-0.01
34120,12137,-0.01
34125,12137,-0.01
34130,12137,-0.01
34134,12137,-0.01
34139,12137,-0.01
34144,12137,-0.01
34148,12137,-0.01
34153,12137,-0.01
34158,12137,-0.01
34162,12137,-0.01
34167,12137,-0.01
34172,12137,-0.01
34176,12137,-0.01
34181,12137,-0.01
34186,12137,-0.01
34190,12137,-0.01
34195,12137,-0.01
34200,12137,-0.01
34204,12137,-0.01
34209,12137,-0.01
34214,12137,-0.01
34218,12137,-0.01
34223,12137,-0.01
34228,12137,-0.01
34232,12137,-0.01
34237,12137,-0.01
34242,12137,-0.01
34246,12137,-0.01
34251,12137,-0.01
34256,12137,-0.01
34260,12137,-0.01
34265,12137,-0.01
34270,12137,-0.01
34274,12137,-0.01
34279,12137,-0.01
34284,12137,-0.01
34288,12137,-0.01
34293,12137,-0.01
34298,12137,-0.01
34302,12137,-0.01
34307,12137,-0.01
34312,12137,-0.01
34316,12137,-0.01
34321,12137,-0.01
34326,12137,-0.01
34330,12137,-0.01
34335,12137,-0.01
34340,12137,-0.01
34344,12137,-0.01
34349,12137,-0.01
34354,12137,-0.01
34358,12137,-0.01
34363,12137,-0.01
34368,12137,-0.01
34372,12137,-0.01
34377,12137,-0.01
34382,12137,-0.01
34386,12137,-0.01
34391,12137,-0.01
34396,12137,-0.01
34400,12137,-0.01
34405,12137,-0.01
34410,12137,-0.01
34414,12137,-0.01
34419,12137,-0.01
34424,12137,-0.01
34428,12137,-0.01
34433,12137,-0.01
34438,12137,-0.01
34442,12137,-0.01
34447,12137,-0.01
34452,12137,-0.01
34456,12137,-0.01
34461,12137,-0.01
34466,12137,-0.01
34470,12137,-0.01
34475,12137,-0.01
34480,12137,-0.01
34484,12137,-0.01
34489,12137,-0.01
34494,12137,-0.01
34498,12137,-0.01
34503,12137,-0.01
34508,12137,-0.01
34512,12137,-0.01
34517,12137,-0.01
34522,12137,-0.01
34526,12137,-0.01
34531,12137,-0.01
34536,12137,-0.01
34540,12137,-0.01
34545,12137,-0.01
34550,12137,-0.01
34554,12137,-0.01
34559,12137,-0.01
34564,12137,-0.01
34568,12137,-0.01
34573,12137,-0.01
34578,12137,-0.01
34582,12137,-0.01
34587,12137,-0.01
34592,12137,-0.01
34596,12137,-0.01
34601,12137,-0.01
34606,12137,-0.01
34610,12137,-0.01
34615,12137,-0.01
34620,12137,-0.01
34624,12137,-0.01
34629,12137,-0.01
34634,12137,-0.01
34638,12137,-0.01
34643,12137,-0.01
34648,12137,-0.01
34652,12137,-0.01
34657,12137,-0.01
34662,12137,-0.01
34666,12137,-0.01
34671,12137,-0.01
34676,12137,-0.01
34680,12137,-0.01
34685,12137,-0.01
34690,12137,-0.01
34694,12137,-0.01
34699,12137,-0.01
34704,12137,-0.01
34708,12137,-0.01
34713,12137,-0.01
34718,12137,-0.01
34722,12137,-0.01
34727,12137,-0.01
34732,12137,-0.01
34736,12137,-0.01
34741,12137,-0.01
34746,12137,-0.01
34750,12137,-0.01
34755,12137,-0.01
34760,12137,-0.01
34764,12137,-0.01
34769,12137,-0.01
34774,12137,-0.01
34778,12137,-0.01
34783,12137,-0.01
34788,12137,-0.01
34792,12137,-0.01
34797,12137,-0.01
34802,12137,-0.01
34806,12137,-0.01
34811,12137,-0.01
34816,12137,-0.01
34820,12137,-0.01
34825,12137,-0.01
34830,12137,-0.01
34834,12137,-0.01
34839,12137,-0.01
34844,12137,-0.01
34848,12137,-0.01
34853,12137,-0.01
34858,12137,-0.01
34862,12137,-0.01
34867,12137,-0.01
34872,12137,-0.01
34876,12137,-0.01
34881,12137,-0.01
34886,12137,-0.01
34890,12137,-0.01
34895,12137,-0.01
34900,12137,-0.01
34904,12137,-0.01
34909,12137,-0.01
34914,12137,-0.01
34918,12137,-0.01
34923,12137,-0.01
34928,12137,-0.01
34932,12137,-0.01
34937,12137,-0.01
34942,12137,-0.01
34946,12137,-0.01
34951,12137,-0.01
34956,12137,-0.01
34960,12137,-0.01
34965,12137,-0.01
34970,12137,-0.01
34974,12137,-0.01
34979,12137,-0.01
34984,12137,-0.01
34988,12137,-0.01
34993,12137,-0.01
34998,12137,-0.01
35002,12137,-0.01
35007,12137,-0.01
35012,12137,-0.01
35016,12137,-0.01
35021,12137,-0.01
35026,12137,-0.01
35030,12137,-0.01
35035,12137,-0.01
35040,12137,-0.01
35044,12137,-0.01
35049,12137,-0.01
35054,12137,-0.01
35058,12137,-0.01
35063,12137,-0.01
35068,12137,-0.01
35072,12137,-0.01
35077,12137,-0.01
35082,12137,-0.01
35086,12137,-0.01
35091,12137,-0.01
35096,12137,-0.01
35100,12137,-0.01
35105,12137,-0.01
35110,12137,-0.01
35114,12137,-0.01
35119,12137,-0.01
35124,12137,-0.01
35128,12137,-0.01
35133,12137,-0.01
35138,12137,-0.01
35142,12137,-0.01
35147,12137,-0.01
35152,12137,-0.01
35156,12137,-0.01
35161,12137,-0.01
35166,12137,-0.01
35170,12137,-0.01
35175,12137,-0.01
35180,12137,-0.01
35184,12137,-0.01
35189,12137,-0.01
35194,12137,-0.01
35198,12137,-0.01
35203,12137,-0.01
35208,12137,-0.01
35212,12137,-0.01
35217,12137,-0.01
35222,12137,-0.01
35226,12137,-0.01
35231,12137,-0.01
35236,12137,-0.01
35240,12137,-0.01
35245,12137,-0.01
35250,12137,-0.01
35254,12137,-0.01
35259,12137,-0.01
35264,12137,-0.01
35268,12137,-0.01
35273,12137,-0.01
35278,12137,-0.01
35282,12137,-0.01
35287,12137,-0.01
35292,12137,-0.01
35296,12137,-0.01
35301,12137,-0.01
35306,12137,-0.01
35310,12137,-0.01
35315,12137,-0.01
35320,12137,-0.01
35324,12137,-0.01
35329,12137,-0.01
35334,12137,-0.01
35338,12137,-0.01
35343,12137,-0.01
35348,12137,-0.01
35352,12137,-0.01
35357,12137,-0.01
35362,12137,-0.01
35366,12137,-0.01
35371,12137,-0.01
